Season,Part,Date,Time,Venue,Attendance,H_Team,A_Team,Referee,H_HT_Goals,A_HT_Goals,H_FT_Goals,A_FT_Goals,H_Ratings,A_Ratings,H_ShotsTotal,A_ShotsTotal,H_ShotsOnPost,A_ShotsOnPost,H_ShotsOnTarget,A_ShotsOnTarget,H_ShotsOffTarget,A_ShotsOffTarget,H_ShotsBlocked,A_ShotsBlocked,H_Possession,A_Possession,H_Touches,A_Touches,H_PassSuccess,A_PassSuccess,H_PassesTotal,A_PassesTotal,H_PassesAccurate,A_PassesAccurate,H_PassesKey,A_PassesKey,H_DribblesWon,A_DribblesWon,H_DribblesAttempted,A_DribblesAttempted,H_DribbledPast,A_DribbledPast,H_DribbleSuccess,A_DribbleSuccess,H_AerialsWon,A_AerialsWon,H_AerialSuccess,A_AerialSuccess,H_OffensiveAerials,A_OffensiveAerials,H_DefensiveAerials,A_DefensiveAerials,H_TackleSuccessful,A_TackleSuccessful,H_TacklesTotal,A_TacklesTotal,H_TackleUnsuccesful,A_TackleUnsuccesful,H_TackleSuccess,A_TackleSuccess,H_Clearances,A_Clearances,H_Interceptions,A_Interceptions,H_CornersTotal,A_CornersTotal,H_CornerAccuracy,A_CornerAccuracy,H_Dispossessed,A_Dispossessed,H_Errors,A_Errors,H_FoulsCommited,A_FoulsCommited,H_OffsidesCaught,A_OffsidesCaught,H_Events,A_Events
2015/2016,UEFA Champions League Group Stages,2015/12/08,19:45,Parc des Princes,44408,PSG,Shakhtar,Anthony Taylor,0,0,2,0,7.28,6.28,18,13,0,0,6,3,9,7,3,3,56.3,43.7,810,655,88,86,656,503,579,435,16,11,10,4,17,8,4,10,59,50,11,3,79,21,8,6,6,8,16,16,20,26,4,10,80,62,10,15,16,20,7,5,71,60,9,12,1,2,9,9,4,3,yellow-card(39);goal(57);clearance-off-the-line(79);goal(86),yellow-card(61);yellow-card(81);yellow-card(84)
2015/2016,UEFA Champions League Group Stages,2015/12/08,19:45,Santiago Bernabéu,60663,Real Madrid,Malmoe FF,Daniele Orsato,3,0,8,0,8.33,5.55,32,5,1,0,16,2,10,2,6,1,59.6,40.4,831,612,93,86,648,439,603,379,25,4,19,3,28,12,3,19,68,25,8,4,67,33,6,6,6,6,27,20,30,39,3,19,90,51,11,22,15,11,5,3,60,33,11,18,0,1,5,6,3,0,goal(12);goal(24);goal(39);goal(47);goal(50);goal(59);goal(70);goal(74);shot-on-post(89),clearance-off-the-line(12);error-to-goal(73)
2015/2016,UEFA Champions League Group Stages,2015/12/08,19:45,Volkswagen Arena,26400,Wolfsburg,Man Utd,Milorad Mazic,2,1,3,2,7.01,6.61,10,18,0,0,6,6,3,5,1,7,45.3,54.7,550,613,78,79,379,456,295,362,10,10,3,9,11,19,9,3,27,47,7,18,28,72,10,15,15,10,27,21,36,24,9,3,75,88,23,11,18,11,6,5,83,100,13,17,0,0,8,13,3,6,goal(13);goal(29);yellow-card(59);yellow-card(72);goal(84);clearance-off-the-line(88),goal(10);yellow-card(17);own-goal(82);yellow-card(92)
2015/2016,UEFA Champions League Group Stages,2015/12/08,19:45,Philips Stadion,34000,PSV Eindhoven,CSKA Moscow,David José Fernández Borbalán,0,0,2,1,7.04,6.58,11,6,0,0,3,2,5,4,3,0,52.1,47.9,600,553,82,79,443,411,364,325,6,2,18,8,30,14,8,18,60,57,15,8,65,35,9,14,14,9,18,17,26,35,8,18,69,49,14,23,21,20,4,5,50,0,5,12,0,0,18,7,11,2,yellow-card(66);yellow-card(75);yellow-card(75);goal(78);yellow-card(83);goal(85),yellow-card(36);yellow-card(56);penalty_scored(76);yellow-card(77)
2015/2016,UEFA Champions League Group Stages,2015/12/08,19:45,Türk Telekom Arena,26464,Galatasaray,FC Astana,Craig Thomson,0,0,1,1,6.87,6.84,22,17,1,1,7,5,9,11,6,1,59.2,40.8,710,546,86,81,533,366,460,297,16,13,4,7,9,17,7,4,44,41,17,16,52,48,15,18,18,15,20,11,27,15,7,4,74,73,19,26,18,20,8,5,50,40,6,10,0,0,9,9,1,0,shot-on-post(45);goal(64);yellow-card(90),shot-on-post(15);yellow-card(49);yellow-card(60);goal(62)
2015/2016,UEFA Champions League Group Stages,2015/12/08,19:45,Estádio da Luz,47630,Benfica,Atletico,Ovidiu Hategan,0,1,1,2,6.82,6.97,12,8,0,0,3,5,6,3,3,0,56.7,43.3,832,683,85,82,641,493,547,406,10,5,17,6,26,20,6,17,65,30,16,13,55,45,17,12,12,17,31,32,37,49,6,17,84,65,12,27,23,25,2,5,0,40,23,17,0,0,9,16,1,2,goal(75);yellow-card(77),goal(33);goal(55);yellow-card(68);yellow-card(70);yellow-card(89)
2015/2016,UEFA Champions League Group Stages,2015/12/08,19:45,Etihad Stadium,41829,Man City,Borussia M.Gladbach,Danny Makkelie,1,2,4,2,7.32,6.65,20,12,0,0,9,4,7,4,4,4,50.8,49.2,719,740,82,80,559,566,456,455,15,7,18,14,21,21,14,18,86,67,19,9,68,32,23,5,5,23,16,14,30,32,14,18,53,44,12,39,21,23,7,0,29,0,11,9,0,1,8,12,2,0,goal(16);goal(79);goal(81);goal(85),goal(19);goal(42)
2015/2016,UEFA Champions League Group Stages,2015/12/08,19:45,Ramón-Sánchez Pizjuán,35583,Sevilla,Juventus,Szymon Marciniak,0,0,1,0,7.16,6.84,18,19,0,1,6,8,8,8,4,3,47,53,566,624,84,86,403,473,339,407,12,17,12,15,18,26,15,12,67,58,16,16,50,50,21,11,11,21,21,12,36,24,15,12,58,50,16,21,11,9,4,3,25,33,6,10,0,1,12,15,4,0,goal(65),yellow-card(38);yellow-card(49);shot-on-post(81)
2015/2016,UEFA Champions League Group Stages,2015/12/09,19:45,BayArena,29412,Leverkusen,Barcelona,Mark Clattenburg,1,1,1,1,7.05,6.90,26,6,0,0,10,2,7,3,9,1,49.1,50.9,692,715,78,77,488,508,383,393,16,4,20,15,37,25,15,20,54,60,14,11,56,44,14,11,11,14,29,27,44,47,15,20,66,57,12,28,30,18,6,1,67,0,10,19,0,1,10,13,3,4,goal(23);yellow-card(29),goal(20);yellow-card(52);yellow-card(85);yellow-card(86)
2015/2016,UEFA Champions League Group Stages,2015/12/09,19:45,Olimpico,29489,Roma,BATE,Martin Atkinson,0,0,0,0,7.13,6.92,24,8,0,0,9,2,11,3,4,3,53.3,46.7,613,575,79,72,436,396,343,286,20,6,7,10,13,17,10,7,54,59,31,12,72,28,17,26,26,17,18,17,28,24,10,7,64,71,15,31,24,20,7,1,29,0,11,11,0,0,12,14,1,1,,clearance-off-the-line(72)
2015/2016,UEFA Champions League Group Stages,2015/12/09,19:45,Maksimir,19681,Dinamo Zagreb,Bayern,Martin Strömbergsson,0,0,0,2,6.51,6.99,12,25,1,1,4,13,6,9,2,3,27.7,72.3,452,921,73,91,291,757,211,689,9,17,5,2,11,8,2,5,45,25,8,13,38,62,13,8,8,13,13,14,15,19,2,5,87,74,23,7,19,24,5,11,60,45,8,7,0,1,9,12,4,5,clearance-off-the-line(10);yellow-card(31);shot-on-post(70);yellow-card(73);yellow-card(87),goal(61);goal(64);penalty-missed(88)
2015/2016,UEFA Champions League Group Stages,2015/12/09,19:45,Georgios Karaiskakis Stadium,31388,Olympiacos,Arsenal,Nicola Rizzoli,0,1,0,3,6.24,7.42,12,11,0,0,4,5,6,2,2,4,48.9,51.1,562,616,79,81,410,438,324,355,8,7,11,6,18,11,6,11,61,55,20,22,48,52,26,16,16,26,18,18,24,29,6,11,75,62,22,35,10,21,7,6,57,33,11,13,1,0,12,15,1,4,yellow-card(9);error-to-goal(29);yellow-card(66),yellow-card(18);goal(29);goal(49);yellow-card(63);penalty_scored(67)
2015/2016,UEFA Champions League Group Stages,2015/12/09,19:45,Kiev Olympic Stadium,475,Dynamo Kyiv,Maccabi Tel Aviv,Björn Kuipers,1,0,1,0,6.82,6.37,13,6,0,0,5,2,6,3,2,1,56.9,43.1,640,530,85,80,515,398,438,317,7,4,10,8,14,11,8,10,71,73,8,7,53,47,7,8,8,7,12,6,20,16,8,10,60,38,7,27,16,22,4,2,50,100,2,9,0,1,10,16,7,1,goal(16);yellow-card(31);yellow-card(40);yellow-card(46),yellow-card(42);yellow-card(81);yellow-card(87)
2015/2016,UEFA Champions League Group Stages,2015/12/09,19:45,Stamford Bridge,41096,Chelsea,Porto,Cüneyt Çakir,1,0,2,0,7.42,6.57,11,16,1,0,6,3,3,4,2,9,38.5,61.5,521,752,74,86,341,552,253,475,11,10,16,26,26,52,26,16,62,50,16,9,64,36,14,11,11,14,40,19,66,35,26,16,61,54,14,15,15,11,5,6,40,50,9,14,0,0,15,22,1,0,own-goal(12);yellow-card(20);yellow-card(31);goal(52);yellow-card(74);shot-on-post(80),yellow-card(34);yellow-card(41);yellow-card(43)
2015/2016,UEFA Champions League Group Stages,2015/12/09,19:45,Mestalla,32494,Valencia,Lyon,Matej Jug,0,1,0,2,6.60,7.43,16,13,1,0,4,6,7,4,5,3,55.7,44.3,705,615,85,79,500,415,425,329,11,8,11,11,25,24,11,11,44,46,13,17,43,57,21,9,9,21,21,25,32,36,11,11,66,69,15,37,23,21,14,3,50,0,11,8,0,0,16,15,5,1,shot-on-post(8);yellow-card(24);yellow-card(38);yellow-card(44),goal(37);yellow-card(68);goal(76)
2015/2016,UEFA Champions League Group Stages,2015/12/09,19:45,Ghelamco Arena,19978,Gent,Zenit,Jorge Sousa,1,0,2,1,6.94,6.43,10,9,0,0,9,3,1,4,0,2,50.3,49.7,640,633,77,77,471,473,364,362,8,5,13,3,17,10,3,13,76,30,15,17,47,53,13,19,19,13,23,16,26,29,3,13,88,55,27,16,16,24,5,4,80,25,12,16,2,1,12,16,1,2,goal(18);error-to-goal(64);error-to-goal(65);goal(78);yellow-card(79);yellow-card(92),yellow-card(44);goal(65);yellow-card(75);yellow-card(76);yellow-card(79);yellow-card(89);yellow-card(92)
2015/2016,UEFA Champions League Group Stages,2015/11/24,17:00,Borisov Arena,12601,BATE,Leverkusen,Clément Turpin,1,0,1,1,6.79,6.77,5,22,0,0,1,7,3,10,1,5,33.2,66.8,470,771,58,82,308,601,178,492,4,17,8,12,9,31,12,8,89,39,19,31,38,62,29,20,21,30,32,15,44,23,12,8,73,65,13,7,27,17,0,7,0,71,14,13,0,1,10,16,1,1,goal(2);yellow-card(9);yellow-card(32);yellow-card(63);yellow-card(84),error-to-goal(2);yellow-card(34);goal(68);yellow-card(79);yellow-card(92)
2015/2016,UEFA Champions League Group Stages,2015/11/24,17:00,Petrovski Stadium,17002,Zenit,Valencia,Svein Oddvar Moen,1,0,2,0,7.30,6.36,15,7,0,0,6,4,7,2,2,1,47.5,52.5,612,640,82,81,435,475,358,384,13,5,14,6,25,12,6,14,56,50,13,8,62,38,13,8,8,13,15,26,21,40,6,14,71,65,20,23,22,17,6,6,33,17,15,9,0,0,20,14,7,4,goal(15);yellow-card(17);yellow-card(71);goal(74);yellow-card(78),yellow-card(45);red-card(80)
2015/2016,UEFA Champions League Group Stages,2015/11/24,19:45,Stade de Gerland,30206,Lyon,Gent,Sergey Karasev,1,1,1,2,6.71,7.04,19,9,0,0,7,4,6,3,6,2,51.3,48.7,648,629,81,80,473,447,381,356,14,7,7,9,16,16,9,7,44,56,14,19,42,58,18,15,15,18,19,18,28,25,9,7,68,72,16,20,21,19,8,6,63,67,9,12,0,0,15,17,4,1,goal(7);yellow-card(38);yellow-card(48),yellow-card(16);yellow-card(25);goal(32);yellow-card(58);yellow-card(75);yellow-card(87);yellow-card(93);goal(95)
2015/2016,UEFA Champions League Group Stages,2015/11/24,19:45,Camp Nou,71433,Barcelona,Roma,Cüneyt Çakir,3,0,6,1,7.61,6.11,19,8,0,0,12,4,4,3,3,1,70.7,29.3,899,462,91,79,775,310,703,244,15,5,7,3,12,13,3,7,58,23,10,11,48,52,6,15,15,6,18,14,21,21,3,7,86,67,10,19,9,19,11,3,73,67,9,8,0,0,13,12,9,2,goal(15);goal(18);yellow-card(41);goal(44);goal(56);yellow-card(57);goal(59);yellow-card(64);penalty-missed(77);goal(77);penalty_saved(82),yellow-card(62);penalty_saved(77);penalty-missed(82);goal(91)
2015/2016,UEFA Champions League Group Stages,2015/11/24,19:45,Emirates Stadium,58978,Arsenal,Dinamo Zagreb,Viktor Kassai,2,0,3,0,7.52,6.33,15,9,0,1,7,1,6,5,2,3,52.9,47.1,768,678,88,86,585,522,517,449,12,7,17,6,28,10,6,17,61,60,11,10,52,48,8,13,13,8,21,24,27,41,6,17,78,59,16,27,20,18,9,7,33,14,13,17,0,1,5,9,1,2,goal(29);goal(33);yellow-card(65);goal(69),error-to-goal(33);shot-on-post(72)
2015/2016,UEFA Champions League Group Stages,2015/11/24,19:45,Allianz Arena,70000,Bayern,Olympiacos,Jonas Eriksson,3,0,4,0,7.25,6.12,20,8,0,0,8,0,7,6,5,2,68.6,31.4,833,437,91,77,707,322,641,248,14,7,6,11,11,17,11,6,55,65,9,11,45,55,6,14,14,6,15,10,26,16,11,6,58,63,7,8,13,24,5,2,40,0,5,9,0,1,6,9,5,1,goal(8);goal(16);goal(20);yellow-card(42);red-card(52);goal(69),yellow-card(63)
2015/2016,UEFA Champions League Group Stages,2015/11/24,19:45,Estádio do Dragão,31220,Porto,Dynamo Kyiv,Carlos Velasco Carballo,0,1,0,2,6.32,7.20,10,15,0,1,4,6,5,7,1,2,61.1,38.9,696,509,84,75,552,343,461,257,8,10,11,13,19,23,13,11,58,57,10,17,37,63,15,12,12,15,16,17,29,28,13,11,55,61,13,22,16,18,4,5,50,20,9,6,2,1,17,23,1,1,error-to-goal(64),shot-on-post(28);penalty_scored(35);yellow-card(36);yellow-card(38);goal(64);yellow-card(68);clearance-off-the-line(93)
2015/2016,UEFA Champions League Group Stages,2015/11/24,19:45,Haifa International Stadium,29121,Maccabi Tel Aviv,Chelsea,Alberto Undiano Mallenco,0,1,0,4,6.22,7.62,9,21,0,0,2,10,5,8,2,3,36.3,63.7,464,724,77,90,324,571,250,512,7,16,8,18,11,28,18,8,73,64,8,10,44,56,9,9,9,9,24,10,42,18,18,8,57,56,26,13,13,15,4,6,25,67,7,14,0,0,13,11,4,5,red-card(40),goal(20);yellow-card(59);goal(73);goal(77);yellow-card(84);goal(91)
2015/2016,UEFA Champions League Group Stages,2015/11/25,15:00,Astana Arena,15089,FC Astana,Benfica,Ruddy Buquet,2,1,2,2,6.85,6.94,11,17,0,0,5,8,5,6,1,3,38.3,61.7,461,651,69,81,296,466,205,376,8,15,7,7,18,11,7,7,39,64,16,21,43,57,30,7,7,30,16,17,23,24,7,7,70,71,17,26,28,16,3,4,0,25,6,12,0,0,13,13,2,1,goal(19);goal(31);yellow-card(50);yellow-card(94),yellow-card(23);goal(40);yellow-card(44);yellow-card(48);goal(72)
2015/2016,UEFA Champions League Group Stages,2015/11/25,17:00,Arena Khimki,16450,CSKA Moscow,Wolfsburg,Gianluca Rocchi,0,0,0,2,6.56,7.19,12,11,1,1,2,3,5,6,5,2,46.5,53.5,672,735,74,79,493,552,367,434,8,8,19,11,39,23,11,19,49,48,12,14,46,54,18,8,8,18,21,29,32,48,11,19,66,60,13,8,36,23,5,5,20,0,9,9,1,0,9,6,2,5,yellow-card(17);yellow-card(28);shot-on-post(62);yellow-card(62);error-to-goal(67);yellow-card(93),own-goal(67);goal(88);shot-on-post(92)
2015/2016,UEFA Champions League Group Stages,2015/11/25,19:45,Old Trafford,75321,Man Utd,PSV Eindhoven,Pavel Královec,0,0,0,0,6.70,7.10,13,8,0,0,7,4,3,4,3,0,61.2,38.8,741,557,83,71,578,380,479,268,11,6,4,18,17,22,18,4,24,82,17,12,59,41,12,17,17,12,11,22,29,26,18,4,38,85,16,39,13,14,9,3,44,67,9,7,0,0,13,13,2,0,yellow-card(93),yellow-card(82);yellow-card(93)
2015/2016,UEFA Champions League Group Stages,2015/11/25,19:45,Vicente Calderón,35753,Atletico,Galatasaray,Nicola Rizzoli,1,0,2,0,7.39,6.49,24,4,0,0,11,1,10,3,3,0,65.2,34.8,846,549,83,71,690,374,575,264,18,3,7,5,11,10,5,7,64,50,13,10,57,43,12,11,11,12,23,13,28,20,5,7,82,65,7,36,21,28,8,3,63,67,9,18,0,0,7,10,1,0,goal(13);goal(65),yellow-card(56)
2015/2016,UEFA Champions League Group Stages,2015/11/25,19:45,Swedbank Stadion,20500,Malmoe FF,PSG,William Collum,0,2,0,5,5.90,7.80,10,11,1,1,3,6,2,5,5,0,33.6,66.4,534,932,76,89,384,788,293,702,7,8,7,10,11,12,10,7,64,83,6,12,33,67,11,7,7,11,13,19,23,26,10,7,57,73,16,21,27,13,7,4,29,25,15,11,2,0,9,6,3,3,yellow-card(42);penalty-missed(61);yellow-card(90),goal(3);goal(14);shot-on-post(28);goal(50);goal(68);goal(82)
2015/2016,UEFA Champions League Group Stages,2015/11/25,19:45,Arena Lviv,33990,Shakhtar,Real Madrid,Bas Nijhuis,0,1,3,4,6.55,7.05,10,20,0,0,3,8,4,5,3,7,40.3,59.7,536,761,85,90,405,628,343,564,6,16,9,8,19,15,8,9,47,53,11,7,61,39,11,7,7,11,10,18,18,27,8,9,56,67,6,14,12,15,3,4,100,75,8,3,0,0,9,14,4,0,yellow-card(35);penalty_scored(77);goal(83);goal(88),goal(18);yellow-card(48);goal(50);goal(52);goal(70);yellow-card(87)
2015/2016,UEFA Champions League Group Stages,2015/11/25,19:45,Juventus Stadium,38193,Juventus,Man City,Dr. Felix Brych,1,0,1,0,7.12,6.62,13,13,1,0,5,2,6,9,2,2,41.2,58.8,604,788,80,87,440,623,352,539,11,10,17,12,28,19,12,17,61,63,10,14,42,58,10,14,14,10,19,19,31,36,12,17,61,53,16,20,22,18,2,8,50,50,8,12,1,0,11,12,1,3,goal(18);shot-on-post(55),yellow-card(35);yellow-card(69);yellow-card(69)
2015/2016,UEFA Champions League Group Stages,2015/11/25,19:45,Borussia-Park,45177,Borussia M.Gladbach,Sevilla,Damir Skomina,1,0,4,2,7.39,6.83,28,20,0,0,13,7,9,9,6,4,46.5,53.5,629,670,81,81,438,494,354,402,24,13,6,25,20,38,25,6,30,66,15,19,44,56,15,19,19,15,25,22,50,28,25,6,50,79,15,5,27,12,6,8,83,63,8,12,0,0,9,3,1,1,goal(29);yellow-card(50);goal(68);goal(78);goal(83);yellow-card(84),yellow-card(34);goal(82);penalty_scored(91)
2015/2016,UEFA Champions League Group Stages,2015/11/03,15:00,Astana Arena,29231,FC Astana,Atletico,Anthony Taylor,0,0,0,0,6.80,7.02,8,14,0,1,2,3,5,8,1,3,35,65,465,713,64,79,286,519,183,410,5,10,3,8,19,13,8,3,16,62,23,27,46,54,30,20,20,30,17,28,25,31,8,3,68,90,31,20,29,21,4,7,75,43,12,12,1,0,12,10,1,2,yellow-card(44);yellow-card(60);yellow-card(84),shot-on-post(45)
2015/2016,UEFA Champions League Group Stages,2015/11/03,19:45,Estádio da Luz,35726,Benfica,Galatasaray,Milorad Mazic,0,0,2,1,6.73,6.55,18,12,0,0,8,3,7,4,3,5,49.4,50.6,560,578,81,80,394,417,318,333,11,10,7,5,17,6,5,7,41,83,14,11,56,44,10,15,15,10,7,20,12,27,5,7,58,74,12,22,16,17,8,4,13,50,10,6,0,2,15,15,2,3,yellow-card(31);yellow-card(43);goal(52);yellow-card(56);goal(67);second-yellow(85),yellow-card(41);yellow-card(55);goal(58);error-to-goal(67);yellow-card(93)
2015/2016,UEFA Champions League Group Stages,2015/11/03,19:45,Borussia-Park,46217,Borussia M.Gladbach,Juventus,Björn Kuipers,1,1,1,1,6.98,6.51,21,17,1,0,6,3,10,8,5,6,69.6,30.4,817,429,87,73,670,281,583,206,19,12,6,6,9,16,6,6,67,38,11,15,42,58,8,18,18,8,22,6,28,12,6,6,79,50,13,20,12,21,8,8,75,38,3,12,0,1,9,10,1,1,shot-on-post(13);goal(18),error-to-goal(18);goal(44);red-card(53);yellow-card(56);yellow-card(63);yellow-card(67)
2015/2016,UEFA Champions League Group Stages,2015/11/03,19:45,Ramón-Sánchez Pizjuán,39261,Sevilla,Man City,Svein Oddvar Moen,1,3,1,3,6.45,7.37,11,22,0,0,2,11,5,6,4,5,56,44,681,601,86,84,513,433,440,364,8,19,14,15,22,20,15,14,64,75,13,14,48,52,11,16,16,11,11,20,26,34,15,14,42,59,9,39,15,22,9,2,56,100,12,6,1,0,10,11,6,0,error-to-goal(11);goal(25);yellow-card(43),goal(8);goal(11);goal(36)
2015/2016,UEFA Champions League Group Stages,2015/11/03,19:45,Arena Lviv,23712,Shakhtar,Malmoe FF,Ovidiu Hategan,1,0,4,0,7.41,6.08,23,6,0,0,14,2,7,4,2,0,63.6,36.4,702,447,88,70,519,310,457,218,17,6,8,1,15,4,1,8,53,25,5,8,38,62,8,5,5,8,14,16,15,24,1,8,93,67,12,28,18,13,10,2,60,50,9,11,0,1,14,13,7,0,goal(29);penalty_scored(48);goal(55);yellow-card(61);yellow-card(68);goal(73);yellow-card(88);yellow-card(91),yellow-card(47);second-yellow(89)
2015/2016,UEFA Champions League Group Stages,2015/11/03,19:45,Santiago Bernabéu,78300,Real Madrid,PSG,Mark Clattenburg,1,0,1,0,6.88,6.76,13,15,0,2,8,3,3,10,2,2,40.3,59.7,603,870,85,92,474,700,402,644,11,11,5,14,9,18,14,5,56,78,9,11,45,55,12,8,8,12,16,13,30,18,14,5,53,72,20,9,7,19,5,3,40,67,9,12,0,1,15,14,0,5,goal(35);clearance-off-the-line(49);yellow-card(88);yellow-card(92),error-to-goal(35);shot-on-post(37);yellow-card(45);yellow-card(67);shot-on-post(89)
2015/2016,UEFA Champions League Group Stages,2015/11/03,19:45,Old Trafford,75165,Man Utd,CSKA Moscow,Szymon Marciniak,0,0,1,0,7.07,6.65,15,5,0,0,5,3,8,2,2,0,68.5,31.5,824,473,85,65,653,305,555,197,12,3,14,5,35,6,5,14,40,83,19,9,68,32,7,21,21,7,12,27,17,41,5,14,71,66,8,39,13,23,10,2,50,0,7,11,0,0,13,11,12,1,clearance-off-the-line(78);goal(79),yellow-card(20);yellow-card(60)
2015/2016,UEFA Champions League Group Stages,2015/11/03,19:45,Philips Stadion,35000,PSV Eindhoven,Wolfsburg,Jonas Eriksson,0,0,2,0,7.05,6.49,9,11,0,0,5,3,3,5,1,3,44.3,55.7,510,620,80,82,386,488,310,400,9,9,3,9,5,19,9,3,60,47,15,19,44,56,18,16,16,18,17,14,26,17,9,3,65,82,14,7,17,24,1,2,100,0,12,7,0,0,21,9,2,1,yellow-card(47);goal(55);yellow-card(81);yellow-card(85);goal(86),yellow-card(30);yellow-card(39);yellow-card(90)
2015/2016,UEFA Champions League Group Stages,2015/11/04,19:45,Camp Nou,68502,Barcelona,BATE,István Vad,1,0,3,0,7.47,6.26,23,5,2,0,7,2,12,1,4,2,77.4,22.6,947,398,90,64,779,225,699,143,16,4,16,8,24,15,8,16,67,53,15,4,79,21,4,15,15,4,20,25,28,41,8,16,71,61,5,20,19,25,7,1,57,0,17,13,0,1,10,10,5,2,penalty_scored(30);shot-on-post(35);yellow-card(51);goal(60);shot-on-post(68);goal(83),yellow-card(30);yellow-card(44);yellow-card(80)
2015/2016,UEFA Champions League Group Stages,2015/11/04,19:45,Olimpico,38361,Roma,Leverkusen,Sergey Karasev,2,0,3,2,6.94,6.73,13,6,0,0,6,5,4,0,3,1,45.2,54.8,515,584,66,68,329,407,218,278,8,4,9,8,30,13,8,9,30,62,23,22,51,49,24,21,21,24,15,37,23,46,8,9,65,80,25,31,23,17,2,0,0,0,16,10,0,0,12,12,2,8,goal(2);goal(29);penalty_scored(80);yellow-card(91);yellow-card(94),goal(46);goal(51);yellow-card(61);red-card(79)
2015/2016,UEFA Champions League Group Stages,2015/11/04,19:45,Allianz Arena,70000,Bayern,Arsenal,Gianluca Rocchi,3,0,5,1,7.63,6.50,23,7,0,0,13,2,5,3,5,2,68.7,31.3,912,508,91,78,749,339,683,266,20,5,10,15,17,19,15,10,59,79,9,11,45,55,7,13,13,7,19,14,34,24,15,10,56,58,14,20,23,28,9,1,78,100,7,15,0,0,8,8,2,2,goal(10);goal(29);goal(44);goal(55);goal(89),yellow-card(12);yellow-card(24);goal(69)
2015/2016,UEFA Champions League Group Stages,2015/11/04,19:45,Georgios Karaiskakis Stadium,31473,Olympiacos,Dinamo Zagreb,Antonio Miguel Mateu Lahoz,0,1,2,1,6.97,6.46,18,4,0,0,5,2,11,0,2,2,58.1,41.9,597,459,82,70,411,317,338,222,12,4,12,10,18,23,10,12,67,43,14,12,54,46,10,16,16,10,23,19,33,31,10,12,70,61,17,25,15,12,8,2,25,0,13,10,0,1,9,17,0,3,penalty-missed(54);goal(65);goal(90),yellow-card(13);goal(21);yellow-card(53);penalty_saved(54);yellow-card(69);second-yellow(79)
2015/2016,UEFA Champions League Group Stages,2015/11/04,19:45,Bloomfield Stadium,26646,Maccabi Tel Aviv,Porto,Anastasios Sidiropoulos,0,1,1,3,6.52,7.35,9,19,0,2,5,8,4,7,0,4,47.4,52.6,610,648,81,81,442,480,358,388,6,12,9,19,21,28,19,9,43,68,9,13,41,59,5,17,17,5,16,25,35,34,19,9,46,74,29,14,26,22,4,10,50,60,13,7,0,1,13,11,1,2,yellow-card(42);penalty_scored(75);yellow-card(88),goal(19);shot-on-post(34);goal(49);goal(72);yellow-card(74);shot-on-post(80)
2015/2016,UEFA Champions League Group Stages,2015/11/04,19:45,Stamford Bridge,41241,Chelsea,Dynamo Kyiv,Pavel Královec,1,0,2,1,6.88,6.53,14,14,0,0,5,2,8,5,1,7,53.9,46.1,621,558,77,76,451,385,347,292,11,8,16,12,29,20,12,16,55,60,9,9,50,50,8,9,10,9,24,20,36,36,12,16,67,56,18,22,15,16,7,7,14,29,7,16,1,0,13,18,4,4,own-goal(34);error-to-goal(78);goal(83),yellow-card(26);yellow-card(59);yellow-card(72);goal(77);yellow-card(90)
2015/2016,UEFA Champions League Group Stages,2015/11/04,19:45,Stade de Gerland,30173,Lyon,Zenit,Dr. Felix Brych,0,1,0,2,6.65,7.10,22,8,1,0,6,6,10,2,6,0,63.3,36.7,702,471,85,71,531,312,449,222,17,5,8,5,18,13,5,8,44,38,17,17,50,50,9,25,25,9,32,17,37,25,5,8,86,68,13,18,13,15,6,0,0,0,7,24,0,0,18,15,5,4,clearance-off-the-line(18);shot-on-post(36);second-yellow(72),yellow-card(20);goal(25);yellow-card(46);yellow-card(54);goal(57);yellow-card(74);second-yellow(88);yellow-card(90)
2015/2016,UEFA Champions League Group Stages,2015/11/04,19:45,Ghelamco Arena,19452,Gent,Valencia,Daniele Orsato,0,0,1,0,7.03,6.43,15,9,1,0,5,1,6,3,4,5,50.6,49.4,631,604,80,78,449,436,359,338,10,7,8,7,12,9,7,8,67,78,12,11,52,48,15,8,8,15,27,20,34,28,7,8,79,71,14,12,18,19,4,7,50,43,16,25,0,1,17,14,3,1,shot-on-post(17);penalty_scored(49);yellow-card(73),yellow-card(30);yellow-card(61);yellow-card(72);yellow-card(85)
2015/2016,UEFA Champions League Group Stages,2015/10/20,19:45,Borisov Arena,13074,BATE,Barcelona,Jorge Sousa,0,0,0,2,6.27,7.44,4,21,0,0,1,6,1,12,2,3,26.5,73.5,431,934,66,89,273,752,181,671,4,19,6,14,10,28,14,6,60,50,9,20,31,69,20,9,9,20,29,24,43,30,14,6,67,80,16,8,22,20,0,9,0,44,20,15,1,0,20,6,4,1,yellow-card(29);yellow-card(43);yellow-card(61);yellow-card(82);yellow-card(83);yellow-card(88),yellow-card(23);yellow-card(41);goal(48);goal(64);yellow-card(74)
2015/2016,UEFA Champions League Group Stages,2015/10/20,19:45,BayArena,29412,Leverkusen,Roma,Viktor Kassai,2,2,4,4,6.88,6.90,15,15,0,1,8,9,4,6,3,0,52.4,47.6,653,612,77,74,482,432,371,320,9,10,9,6,15,15,6,9,60,40,19,16,54,46,16,19,19,16,17,18,23,27,6,9,74,67,19,15,27,28,4,6,25,33,12,8,0,0,17,13,0,1,penalty_scored(4);goal(19);yellow-card(36);goal(84);goal(86);yellow-card(90),yellow-card(24);goal(29);yellow-card(34);goal(38);goal(54);shot-on-post(71);goal(73)
2015/2016,UEFA Champions League Group Stages,2015/10/20,19:45,Emirates Stadium,49824,Arsenal,Bayern,Cüneyt Çakir,0,0,2,0,7.35,6.67,13,20,0,0,8,6,3,7,2,7,26.8,73.2,448,945,74,90,278,767,207,693,9,16,16,21,21,25,21,16,76,84,10,11,48,52,14,7,7,14,22,16,43,32,21,16,51,50,21,16,20,14,5,11,20,45,11,18,2,2,9,7,6,0,goal(77);yellow-card(83);goal(94),error-to-goal(77);error-to-goal(94)
2015/2016,UEFA Champions League Group Stages,2015/10/20,19:45,Maksimir,13678,Dinamo Zagreb,Olympiacos,Paolo Tagliavento,0,0,0,1,6.44,7.11,14,16,1,0,3,5,6,7,5,4,58.2,41.8,628,501,80,74,468,336,373,250,10,13,8,11,22,17,11,8,36,65,9,22,29,71,21,10,10,21,10,18,21,26,11,8,48,69,17,37,14,13,7,5,29,40,4,4,0,0,12,11,4,2,yellow-card(41);shot-on-post(52);yellow-card(80),yellow-card(76);goal(79);yellow-card(82)
2015/2016,UEFA Champions League Group Stages,2015/10/20,19:45,Estádio do Dragão,35209,Porto,Maccabi Tel Aviv,Clément Turpin,2,0,2,0,7.44,6.56,16,12,0,0,5,1,5,8,6,3,62.7,37.3,761,507,90,78,576,345,517,268,15,9,33,13,54,18,13,33,61,72,10,12,45,55,12,10,10,12,10,31,23,64,13,33,43,48,13,30,20,18,13,0,38,0,10,5,0,0,9,7,5,1,yellow-card(22);goal(37);goal(41),yellow-card(33);yellow-card(79);yellow-card(91)
2015/2016,UEFA Champions League Group Stages,2015/10/20,19:45,Kiev Olympic Stadium,60291,Dynamo Kyiv,Chelsea,Damir Skomina,0,0,0,0,6.78,7.08,9,12,0,1,4,5,2,5,3,2,56.3,43.7,634,523,81,74,467,370,376,275,8,8,4,14,12,18,14,4,33,78,17,12,59,41,12,17,17,12,10,23,24,27,14,4,42,85,12,22,25,13,6,4,33,25,15,6,0,0,19,15,0,2,yellow-card(65),shot-on-post(47);yellow-card(67)
2015/2016,UEFA Champions League Group Stages,2015/10/20,19:45,Petrovski Stadium,17517,Zenit,Lyon,Martin Atkinson,1,0,3,1,7.12,6.44,13,14,0,0,6,3,3,6,4,5,39.5,60.5,542,724,81,85,380,570,307,487,12,10,9,4,17,12,4,9,53,33,11,7,61,39,10,8,8,10,17,22,21,31,4,9,81,71,24,12,23,14,4,7,25,0,14,9,0,0,14,17,4,2,goal(2);yellow-card(6);yellow-card(51);goal(56);goal(82),yellow-card(39);yellow-card(46);goal(49);yellow-card(51);yellow-card(92)
2015/2016,UEFA Champions League Group Stages,2015/10/20,19:45,Mestalla,38207,Valencia,Gent,Felix Zwayer,1,1,2,1,6.91,6.74,21,12,0,0,7,4,10,5,4,3,46.2,53.8,561,631,75,78,403,470,301,367,18,9,4,5,7,12,5,4,57,42,15,8,65,35,7,16,16,7,23,17,28,21,5,4,82,81,12,8,25,30,5,6,80,100,14,16,1,0,16,24,6,3,goal(15);yellow-card(18);yellow-card(46);yellow-card(55);own-goal(72);yellow-card(90),yellow-card(22);goal(40);yellow-card(66);yellow-card(70);yellow-card(86)
2015/2016,UEFA Champions League Group Stages,2015/10/21,19:45,Swedbank Stadion,20500,Malmoe FF,Shakhtar,Anastasios Sidiropoulos,1,0,1,0,7.04,6.74,12,16,0,0,6,2,6,7,0,7,30.2,69.8,412,777,63,86,260,603,164,517,7,15,6,9,8,17,9,6,75,53,7,14,33,67,10,11,11,10,21,11,30,17,9,6,70,65,24,16,23,24,4,10,50,60,9,13,0,0,11,11,1,3,goal(17);yellow-card(33);yellow-card(43);penalty-missed(56);yellow-card(79),yellow-card(50);yellow-card(53);yellow-card(55);penalty_saved(56);yellow-card(67)
2015/2016,UEFA Champions League Group Stages,2015/10/21,19:45,Parc des Princes,46858,PSG,Real Madrid,Nicola Rizzoli,0,0,0,0,6.91,6.91,11,18,0,0,1,4,4,7,6,7,59.6,40.4,866,637,91,85,685,463,621,393,5,15,8,10,12,22,10,8,67,45,15,4,79,21,7,12,12,7,27,20,37,28,10,8,73,71,16,26,20,20,4,9,0,44,16,15,0,1,13,10,7,0,yellow-card(9);yellow-card(50);yellow-card(87),yellow-card(60);yellow-card(77);yellow-card(85)
2015/2016,UEFA Champions League Group Stages,2015/10/21,19:45,Arena Khimki,18456,CSKA Moscow,Man Utd,Carlos Velasco Carballo,1,0,1,1,6.64,6.69,6,7,0,0,4,3,1,4,1,0,28.4,71.6,490,996,72,87,337,856,241,748,3,5,1,12,7,23,12,1,14,52,6,9,40,60,9,6,6,9,20,15,32,16,12,1,63,94,34,11,38,12,3,1,67,0,9,9,0,0,9,11,0,4,penalty-missed(15);goal(15),yellow-card(14);penalty_saved(15);goal(65);yellow-card(80);yellow-card(90)
2015/2016,UEFA Champions League Group Stages,2015/10/21,19:45,Volkswagen Arena,23375,Wolfsburg,PSV Eindhoven,Alberto Undiano Mallenco,0,0,2,0,7.31,6.43,16,9,0,0,7,2,8,5,1,2,46.4,53.6,608,652,84,85,445,515,372,438,14,6,9,3,14,14,3,9,64,21,22,20,52,48,18,24,24,18,20,15,23,24,3,9,87,63,16,15,20,27,3,5,100,20,10,9,0,0,9,4,1,3,yellow-card(43);goal(46);goal(57);yellow-card(90);penalty_saved(91),penalty-missed(91)
2015/2016,UEFA Champions League Group Stages,2015/10/21,19:45,Vicente Calderón,33853,Atletico,FC Astana,Aleksey Kulbakov,2,0,4,0,7.72,6.32,23,10,0,0,10,3,9,6,4,1,66.4,33.6,864,529,86,72,671,341,580,244,22,8,15,5,38,15,5,15,39,33,19,11,63,37,9,21,21,9,20,41,25,56,5,15,80,73,11,15,15,25,10,2,60,0,18,10,0,0,7,19,2,0,goal(23);goal(29);goal(63);own-goal(89),yellow-card(49)
2015/2016,UEFA Champions League Group Stages,2015/10/21,19:45,Türk Telekom Arena,33615,Galatasaray,Benfica,William Collum,2,1,2,1,6.89,6.78,15,18,0,0,6,5,6,7,3,6,42.6,57.4,556,697,80,84,385,519,308,435,11,14,4,15,10,22,15,4,40,68,10,18,36,64,15,13,13,15,18,15,33,19,15,4,55,79,27,21,24,23,5,4,60,100,9,11,0,0,16,13,4,2,penalty_scored(19);goal(33);yellow-card(42);clearance-off-the-line(59);yellow-card(63);yellow-card(70);yellow-card(95),goal(2);yellow-card(18);yellow-card(73);yellow-card(78);yellow-card(87)
2015/2016,UEFA Champions League Group Stages,2015/10/21,19:45,Juventus Stadium,40940,Juventus,Borussia M.Gladbach,Craig Thomson,0,0,0,0,6.91,6.65,22,5,0,0,2,0,11,3,9,2,53.2,46.8,692,613,85,79,520,474,442,376,18,4,9,6,22,13,6,9,41,46,15,8,65,35,13,10,10,13,16,18,22,27,6,9,73,67,14,32,23,10,12,5,50,0,5,9,0,0,11,18,1,0,yellow-card(92),yellow-card(41);yellow-card(62);yellow-card(77)
2015/2016,UEFA Champions League Group Stages,2015/10/21,19:45,Etihad Stadium,45595,Man City,Sevilla,Bas Nijhuis,1,1,2,1,6.73,6.68,16,12,0,1,6,2,5,8,5,2,44.9,55.1,530,617,82,86,366,442,300,381,12,10,8,6,13,8,6,8,62,75,11,14,44,56,13,12,12,13,13,18,19,26,6,8,68,69,40,25,11,20,5,12,40,33,13,11,1,0,14,4,0,3,own-goal(36);yellow-card(47);goal(91),shot-on-post(17);goal(30);yellow-card(62);yellow-card(69)
2015/2016,UEFA Champions League Group Stages,2015/9/29,19:45,Camp Nou,68694,Barcelona,Leverkusen,Martin Atkinson,0,1,2,1,6.94,6.82,17,9,0,0,9,3,4,5,4,1,70.2,29.8,863,474,83,59,676,288,561,170,12,9,15,11,25,23,11,15,60,48,9,12,43,57,11,10,10,11,20,29,31,44,11,15,65,66,8,22,20,28,4,1,25,100,19,8,0,0,9,22,3,5,yellow-card(29);yellow-card(37);yellow-card(75);goal(80);goal(82),goal(22);clearance-off-the-line(39);yellow-card(40);yellow-card(64);yellow-card(68);yellow-card(89)
2015/2016,UEFA Champions League Group Stages,2015/9/29,19:45,Borisov Arena,12767,BATE,Roma,Mark Clattenburg,3,0,3,2,7.08,6.73,14,23,1,1,7,7,2,8,5,8,38,62,548,767,71,84,365,579,260,489,9,15,8,8,21,17,8,8,38,47,16,16,50,50,19,13,13,19,24,21,32,29,8,8,75,72,28,19,27,17,1,8,100,13,8,15,3,1,15,8,3,4,shot-on-post(8);goal(8);goal(12);yellow-card(27);goal(30);yellow-card(90),yellow-card(12);error-to-goal(12);yellow-card(46);goal(66);goal(82);shot-on-post(83);yellow-card(87)
2015/2016,UEFA Champions League Group Stages,2015/9/29,19:45,Allianz Arena,70000,Bayern,Dinamo Zagreb,Aleksey Kulbakov,4,0,5,0,7.89,5.94,27,6,1,0,9,1,10,4,8,1,76.6,23.4,945,405,92,70,761,240,703,168,21,5,12,8,27,20,8,12,44,40,11,12,48,52,10,12,13,11,25,19,33,31,8,12,76,61,8,34,11,20,12,1,58,0,5,13,0,2,5,9,2,1,goal(13);yellow-card(21);goal(21);goal(25);goal(28);goal(55);shot-on-post(74),error-to-goal(21);error-to-goal(25);yellow-card(66);yellow-card(81)
2015/2016,UEFA Champions League Group Stages,2015/9/29,19:45,Emirates Stadium,59428,Arsenal,Olympiacos,Bas Nijhuis,1,2,2,3,6.94,6.88,18,9,0,0,9,4,5,3,4,2,69.7,30.3,861,460,87,69,653,289,566,198,11,9,31,6,42,13,6,31,74,46,15,13,54,46,11,17,17,11,22,23,28,54,6,31,79,43,16,36,18,16,8,4,25,25,12,15,1,0,11,10,3,1,goal(35);error-to-goal(40);yellow-card(44);yellow-card(45);goal(65);yellow-card(77),goal(33);own-goal(40);clearance-off-the-line(61);yellow-card(65);goal(66);yellow-card(75);yellow-card(76);yellow-card(77)
2015/2016,UEFA Champions League Group Stages,2015/9/29,19:45,Haifa International Stadium,27100,Maccabi Tel Aviv,Dynamo Kyiv,David José Fernández Borbalán,0,1,0,2,6.42,7.14,8,15,0,0,1,7,4,4,3,4,45.1,54.9,570,659,84,84,410,524,344,442,5,12,10,11,17,20,11,10,59,55,10,6,63,38,8,8,8,8,14,17,25,27,11,10,56,63,12,16,27,12,6,5,83,40,10,5,1,0,15,17,4,0,yellow-card(20);yellow-card(47);yellow-card(75),goal(4);yellow-card(36);goal(50);yellow-card(64);yellow-card(80)
2015/2016,UEFA Champions League Group Stages,2015/9/29,19:45,Estádio do Dragão,46120,Porto,Chelsea,Antonio Miguel Mateu Lahoz,1,1,2,1,7.25,6.71,22,12,1,1,6,3,9,4,7,5,43,57,574,682,72,77,370,495,267,382,12,9,26,14,35,32,14,26,74,44,23,26,47,53,20,29,29,20,31,24,45,50,14,26,69,48,20,21,25,21,8,4,38,25,15,13,0,0,14,13,0,4,yellow-card(19);yellow-card(25);goal(39);goal(52);shot-on-post(81);yellow-card(82);yellow-card(89),yellow-card(41);goal(47);shot-on-post(54);yellow-card(66);yellow-card(79)
2015/2016,UEFA Champions League Group Stages,2015/9/29,19:45,Stade de Gerland,33534,Lyon,Valencia,Milorad Mazic,0,1,0,1,6.48,7.27,21,6,0,2,4,2,8,3,9,1,59.1,40.9,761,595,84,79,587,409,496,322,13,5,7,10,13,18,10,7,54,56,13,13,50,50,13,13,13,13,17,24,27,31,10,7,63,77,13,28,19,31,9,5,33,60,18,9,0,0,13,13,0,5,yellow-card(61);yellow-card(67);yellow-card(93),shot-on-post(35);shot-on-post(40);goal(42);yellow-card(52);yellow-card(63);yellow-card(91)
2015/2016,UEFA Champions League Group Stages,2015/9/29,19:45,Petrovski Stadium,18095,Zenit,Gent,Matej Jug,1,0,2,1,6.94,6.37,11,6,0,0,4,1,6,3,1,2,38.1,61.9,496,709,78,85,350,575,272,486,9,5,12,7,20,11,7,12,60,64,14,10,58,42,13,10,11,14,23,16,30,28,7,12,77,57,21,9,16,12,8,2,50,50,8,19,0,0,16,16,2,1,goal(35);yellow-card(60);goal(67),yellow-card(42);goal(56);yellow-card(88);yellow-card(90)
2015/2016,UEFA Champions League Group Stages,2015/9/30,17:00,Astana Arena,27264,FC Astana,Galatasaray,Martin Strömbergsson,0,1,2,2,6.51,6.69,16,12,0,0,8,7,5,3,3,2,50.3,49.7,631,641,78,79,465,475,365,373,12,11,2,8,5,12,8,2,40,67,16,10,62,38,11,15,15,11,13,17,21,19,8,2,62,89,17,20,16,22,7,1,57,0,14,9,1,2,10,5,3,2,own-goal(77);own-goal(89);yellow-card(91),goal(31);yellow-card(41);error-to-goal(77);own-goal(86);clearance-off-the-line(89);yellow-card(91)
2015/2016,UEFA Champions League Group Stages,2015/9/30,19:45,Vicente Calderón,40938,Atletico,Benfica,Gianluca Rocchi,1,1,1,2,6.86,7.12,22,6,1,0,7,4,11,2,4,0,57.6,42.4,685,562,84,74,485,377,405,278,17,4,12,19,21,34,19,12,57,56,19,11,63,37,12,18,18,12,29,26,48,38,19,12,60,68,11,28,19,19,12,1,67,100,17,14,0,0,14,13,2,0,clearance-off-the-line(15);goal(23);shot-on-post(25);yellow-card(40);yellow-card(55),yellow-card(25);yellow-card(28);goal(36);yellow-card(40);goal(51);yellow-card(82)
2015/2016,UEFA Champions League Group Stages,2015/9/30,19:45,Borussia-Park,46217,Borussia M.Gladbach,Man City,Clément Turpin,0,0,1,2,6.65,7.20,13,25,0,0,6,6,4,14,3,5,35.4,64.6,499,792,73,85,354,624,259,532,9,19,14,8,22,19,8,14,64,42,15,18,45,55,12,20,21,13,17,20,25,34,8,14,68,59,24,15,15,16,4,11,25,64,12,6,1,0,15,7,2,1,penalty-missed(20);yellow-card(37);goal(54);yellow-card(67);yellow-card(87),yellow-card(19);penalty_saved(20);goal(65);penalty_scored(90)
2015/2016,UEFA Champions League Group Stages,2015/9/30,19:45,Juventus Stadium,36640,Juventus,Sevilla,Jonas Eriksson,1,0,2,0,7.27,6.29,20,1,0,0,6,1,10,0,4,0,53.9,46.1,729,600,90,83,568,487,513,403,16,1,11,5,24,12,5,11,46,42,13,13,50,50,11,15,15,11,15,18,20,29,5,11,75,62,18,16,23,14,3,0,33,0,5,8,0,0,10,13,5,0,goal(41);goal(87),yellow-card(78)
2015/2016,UEFA Champions League Group Stages,2015/9/30,19:45,Arena Lviv,32730,Shakhtar,PSG,Deniz Aytekin,0,2,0,3,6.37,7.46,19,9,1,0,3,4,9,2,7,3,46.3,53.7,646,752,86,87,482,565,415,490,12,7,17,10,26,17,10,17,65,59,10,22,31,69,24,8,8,24,17,22,27,39,10,17,63,56,8,33,21,25,6,5,33,20,13,10,0,1,14,17,3,4,shot-on-post(79),goal(7);goal(23);yellow-card(65);yellow-card(86);yellow-card(89);own-goal(91)
2015/2016,UEFA Champions League Group Stages,2015/9/30,19:45,Swedbank Stadion,20500,Malmoe FF,Real Madrid,Cüneyt Çakir,0,1,0,2,6.30,7.23,5,20,0,1,3,7,1,8,1,5,24.3,75.7,407,996,66,92,259,823,171,755,3,12,1,6,9,15,6,1,11,40,13,11,54,46,14,10,10,14,13,17,19,18,6,1,68,94,28,16,18,15,1,7,100,43,9,4,0,1,16,13,2,5,yellow-card(21);yellow-card(36);second-yellow(78),yellow-card(11);goal(29);yellow-card(37);shot-on-post(42);yellow-card(75);goal(90)
2015/2016,UEFA Champions League Group Stages,2015/9/30,19:45,Old Trafford,74811,Man Utd,Wolfsburg,Viktor Kassai,1,1,2,1,6.83,6.44,15,6,0,0,6,2,5,3,4,1,53.2,46.8,615,559,80,79,471,406,375,319,11,5,9,10,22,14,10,9,41,71,12,6,67,33,7,12,11,6,16,19,26,28,10,9,62,68,20,14,17,11,3,2,67,0,6,12,0,1,16,13,2,4,penalty_scored(34);yellow-card(39);yellow-card(41);goal(53);yellow-card(61);yellow-card(79),goal(4);yellow-card(33)
2015/2016,UEFA Champions League Group Stages,2015/9/30,19:45,Arena Khimki,16152,CSKA Moscow,PSV Eindhoven,Ruddy Buquet,3,0,3,2,6.99,6.53,16,14,0,0,5,8,5,3,6,3,36.6,63.4,512,774,74,85,355,625,263,533,10,11,6,9,12,27,9,6,50,33,12,6,67,33,9,9,9,9,26,16,35,22,9,6,74,73,21,7,18,16,8,3,38,33,10,8,0,1,8,11,1,4,goal(8);goal(21);penalty_scored(36);penalty-missed(44);yellow-card(86),yellow-card(16);yellow-card(35);goal(60);goal(68);second-yellow(80)
2015/2016,UEFA Champions League Group Stages,2015/9/15,19:45,Parc des Princes,46612,PSG,Malmoe FF,Sergey Karasev,1,0,2,0,7.48,6.42,22,6,0,0,10,1,10,5,2,0,75.4,24.6,1008,410,93,68,842,277,783,188,18,6,15,9,19,18,9,15,79,50,16,12,57,43,8,20,20,8,13,13,22,28,9,15,59,46,9,32,14,13,12,2,42,0,9,4,0,1,9,14,10,1,goal(4);goal(61);yellow-card(65);yellow-card(71),yellow-card(57);yellow-card(64)
2015/2016,UEFA Champions League Group Stages,2015/9/15,19:45,Santiago Bernabéu,66389,Real Madrid,Shakhtar,Ivan Bebek,1,0,4,0,7.34,5.97,26,5,0,0,9,1,12,4,5,0,53.7,46.3,755,683,91,90,621,543,566,489,20,5,9,5,13,9,5,9,69,56,8,4,67,33,6,6,6,6,12,15,17,24,5,9,71,63,5,19,11,15,6,2,83,0,11,8,0,1,15,10,1,2,goal(30);penalty_scored(55);penalty_scored(63);goal(81),error-to-goal(30);second-yellow(50);yellow-card(54);yellow-card(75);yellow-card(80)
2015/2016,UEFA Champions League Group Stages,2015/9/15,19:45,Volkswagen Arena,20126,Wolfsburg,CSKA Moscow,Svein Oddvar Moen,1,0,1,0,7.22,6.71,21,8,0,0,7,3,9,2,5,3,58.4,41.6,863,648,89,83,676,488,601,405,18,8,17,9,36,15,9,17,47,60,17,15,53,47,16,16,16,16,20,30,29,47,9,17,69,64,14,17,13,11,5,1,40,0,11,14,0,0,8,8,3,1,goal(40),
2015/2016,UEFA Champions League Group Stages,2015/9/15,19:45,Philips Stadion,35292,PSV Eindhoven,Man Utd,Nicola Rizzoli,1,1,2,1,7.18,6.57,6,17,0,0,4,5,2,6,0,6,33.3,66.7,463,745,70,87,297,579,207,503,5,13,12,8,17,19,8,12,71,42,22,19,54,46,22,19,19,22,19,15,27,27,8,12,70,56,40,21,18,12,3,9,67,44,10,8,0,0,8,10,3,0,goal(47);yellow-card(55);goal(57);yellow-card(60);yellow-card(71),goal(41);yellow-card(67)
2015/2016,UEFA Champions League Group Stages,2015/9/15,19:45,Türk Telekom Arena,33469,Galatasaray,Atletico,Szymon Marciniak,0,2,0,2,6.71,7.29,22,15,0,0,3,8,12,3,7,4,51.8,48.2,754,697,85,84,572,542,486,456,18,12,16,10,23,15,10,16,70,67,24,16,60,40,19,21,21,19,17,17,27,33,10,16,63,52,17,20,16,17,8,4,25,25,10,12,0,0,16,17,1,0,yellow-card(64);yellow-card(73),goal(18);goal(25);yellow-card(64)
2015/2016,UEFA Champions League Group Stages,2015/9/15,19:45,Estádio da Luz,32799,Benfica,FC Astana,Anastasios Sidiropoulos,0,0,2,0,7.47,6.62,17,14,0,1,8,1,8,9,1,4,63.4,36.6,748,501,87,78,572,327,495,254,13,11,22,17,30,27,17,22,73,63,11,14,44,56,8,16,17,9,25,20,42,42,17,22,60,48,9,18,26,28,2,1,100,100,12,15,0,0,15,14,0,5,yellow-card(40);yellow-card(46);goal(51);goal(62);yellow-card(83),yellow-card(21);yellow-card(24);shot-on-post(46);yellow-card(78)
2015/2016,UEFA Champions League Group Stages,2015/9/15,19:45,Etihad Stadium,50363,Man City,Juventus,Damir Skomina,0,0,1,2,6.50,6.93,13,10,0,1,5,3,6,5,2,2,59,41,752,562,88,82,602,423,527,348,9,6,8,6,17,19,6,8,47,32,11,17,39,61,15,13,13,15,24,27,30,35,6,8,80,77,13,15,17,9,6,1,33,0,18,11,0,1,20,9,0,3,own-goal(57),shot-on-post(14);goal(70);goal(81)
2015/2016,UEFA Champions League Group Stages,2015/9/15,19:45,Ramón Sánchez Pizjuán,36959,Sevilla,Borussia M.Gladbach,Pavel Královec,0,0,3,0,7.30,6.14,20,9,2,0,6,1,8,5,6,3,57.7,42.3,677,544,85,81,548,414,467,336,9,7,9,9,13,12,9,9,69,75,23,9,72,28,8,24,24,8,8,12,17,21,9,9,47,57,5,27,20,22,5,1,20,100,8,5,0,1,14,14,4,1,shot-on-post(5);penalty_scored(47);penalty-missed(50);penalty_scored(66);yellow-card(78);goal(84);yellow-card(89),yellow-card(49);yellow-card(49);yellow-card(52);error-to-goal(84)
2015/2016,UEFA Champions League Group Stages,2015/9/16,19:45,BayArena,24280,Leverkusen,BATE,Danny Makkelie,1,1,4,1,7.32,6.36,20,2,0,0,9,2,4,0,7,0,67.3,32.7,816,478,84,65,630,302,530,196,14,1,12,9,18,23,9,12,67,39,24,17,59,41,18,23,23,18,23,31,32,43,9,12,72,72,5,18,22,30,3,3,67,33,25,9,0,3,8,11,3,1,goal(4);yellow-card(41);goal(47);goal(58);penalty_scored(75),goal(13);yellow-card(45);yellow-card(75);yellow-card(87)
2015/2016,UEFA Champions League Group Stages,2015/9/16,19:45,Olimpico,57836,Roma,Barcelona,Björn Kuipers,1,1,1,1,6.63,6.84,8,16,0,1,3,3,4,8,1,5,25.3,74.7,407,894,72,90,236,719,169,645,6,13,5,13,13,21,13,5,38,62,10,7,59,41,12,5,5,12,19,16,32,21,13,5,59,76,17,13,20,13,1,7,100,57,8,11,0,0,11,5,3,3,goal(31);yellow-card(63);clearance-off-the-line(95),goal(21);yellow-card(75);shot-on-post(78)
2015/2016,UEFA Champions League Group Stages,2015/9/16,19:45,Maksimir,17840,Dinamo Zagreb,Arsenal,Ovidiu Hategan,1,0,2,1,6.94,6.61,14,13,1,1,4,5,5,6,5,2,39.9,60.1,489,661,76,84,335,499,254,417,8,9,6,12,16,20,12,6,38,60,15,19,44,56,18,16,16,18,25,18,37,24,12,6,68,75,28,10,16,19,2,7,100,43,8,17,0,1,14,14,3,5,goal(24);shot-on-post(47);yellow-card(47);goal(58);yellow-card(65);yellow-card(90),shot-on-post(18);second-yellow(40);goal(79);yellow-card(87)
2015/2016,UEFA Champions League Group Stages,2015/9/16,19:45,Georgios Karaiskakis Stadium,31688,Olympiacos,Bayern,Carlos Velasco Carballo,0,0,0,3,6.31,7.46,8,22,0,0,4,8,1,8,3,6,29.5,70.5,410,813,69,89,258,627,177,558,5,17,12,11,21,15,11,12,57,73,10,18,36,64,17,11,11,17,16,16,27,28,11,12,59,57,15,21,22,12,4,3,50,33,7,12,0,0,14,15,2,4,yellow-card(5);yellow-card(23);yellow-card(25);clearance-off-the-line(26),yellow-card(45);goal(52);yellow-card(86);goal(89);penalty_scored(92)
2015/2016,UEFA Champions League Group Stages,2015/9/16,19:45,Kiev Olympic Stadium,52369,Dynamo Kyiv,Porto,Dr. Felix Brych,1,1,2,2,6.71,6.94,13,8,0,0,5,3,5,4,3,1,50.4,49.6,579,602,77,81,433,435,333,352,9,6,10,25,19,32,25,10,53,78,29,17,63,37,23,23,23,23,23,17,48,27,25,10,48,63,18,16,14,26,7,2,29,0,9,16,1,1,19,14,2,1,goal(20);yellow-card(46);yellow-card(58);error-to-goal(81);goal(89),clearance-off-the-line(8);yellow-card(17);goal(23);yellow-card(40);yellow-card(48);goal(81);yellow-card(88)
2015/2016,UEFA Champions League Group Stages,2015/9/16,19:45,Stamford Bridge,40684,Chelsea,Maccabi Tel Aviv,Felix Zwayer,2,0,4,0,7.43,6.03,15,7,0,0,5,1,4,5,6,1,62.2,37.8,759,518,88,81,612,375,536,305,7,6,21,7,32,17,7,21,66,41,12,5,71,29,9,8,8,9,17,19,24,40,7,21,71,48,11,23,9,26,8,2,75,100,8,7,1,1,15,16,3,4,yellow-card(1);penalty-missed(6);goal(15);penalty_scored(49);goal(58);goal(78),yellow-card(5);error-to-goal(16);yellow-card(33);yellow-card(47)
2015/2016,UEFA Champions League Group Stages,2015/9/16,19:45,Mestalla,28005,Valencia,Zenit,Craig Thomson,0,2,2,3,6.54,6.97,15,8,1,0,3,6,10,2,2,0,66.6,33.4,765,483,89,77,578,311,512,240,11,5,8,4,23,10,4,8,35,40,15,15,50,50,15,15,15,15,20,28,24,36,4,8,83,78,8,54,11,18,12,2,0,0,13,14,0,1,14,18,4,0,shot-on-post(2);yellow-card(53);goal(54);goal(73);yellow-card(94);yellow-card(96),goal(9);yellow-card(16);goal(44);yellow-card(61);error-to-goal(73);goal(76);yellow-card(96)
2015/2016,UEFA Champions League Group Stages,2015/9/16,19:45,Ghelamco Arena,19601,Gent,Lyon,William Collum,0,0,1,1,6.68,6.84,13,17,0,0,6,4,2,10,5,3,44.4,55.6,525,641,78,84,374,465,292,389,10,14,8,8,12,22,8,8,67,36,15,20,43,57,19,16,16,19,23,18,31,26,8,8,74,69,13,14,14,17,4,8,25,50,14,10,0,0,12,20,2,2,red-card(41);goal(68);yellow-card(71);red-card(87);penalty_saved(88),yellow-card(11);goal(58);yellow-card(71);penalty-missed(88);yellow-card(91)
